[{"onset":104,"offset":254,"type":"P","label":"N"},{"onset":327,"offset":427,"type":"QRS","label":"N"},{"onset":427,"offset":698,"type":"T","label":""},{"onset":665,"offset":777,"type":"P","label":"A"},{"onset":857,"offset":952,"type":"QRS","label":"A"},{"onset":951,"offset":1234,"type":"T","label":""},{"onset":1274,"offset":1372,"type":"QRS","label":"A"},{"onset":1372,"offset":1644,"type":"T","label":""},{"onset":2057,"offset":2208,"type":"P","label":"N"},{"onset":2275,"offset":2386,"type":"QRS","label":"N"},{"onset":2385,"offset":2660,"type":"T","label":""},{"onset":2584,"offset":2697,"type":"P","label":"A"},{"onset":2769,"offset":2864,"type":"QRS","label":"A"},{"onset":2864,"offset":3137,"type":"T","label":""},{"onset":3928,"offset":4072,"type":"P","label":"N"},{"onset":4139,"offset":4249,"type":"QRS","label":"O"},{"onset":4250,"offset":4525,"type":"T","label":""},{"onset":4481,"offset":4588,"type":"P","label":"A"},{"onset":4681,"offset":4850,"type":"QRS","label":"A"},{"onset":4850,"offset":5112,"type":"T","label":""},{"onset":5126,"offset":5264,"type":"QRS","label":"O"},{"onset":5264,"offset":5521,"type":"T","label":""},{"onset":5572,"offset":5668,"type":"QRS","label":"O"},{"onset":5668,"offset":5915,"type":"T","label":""},{"onset":6051,"offset":6162,"type":"QRS","label":"O"},{"onset":6163,"offset":6441,"type":"T","label":""},{"onset":6639,"offset":6738,"type":"QRS","label":"O"},{"onset":6738,"offset":7021,"type":"T","label":""},{"onset":7286,"offset":7382,"type":"QRS","label":"O"},{"onset":7382,"offset":7667,"type":"T","label":""},{"onset":7818,"offset":7926,"type":"QRS","label":"O"},{"onset":7927,"offset":8198,"type":"T","label":""},{"onset":8338,"offset":8431,"type":"QRS","label":"O"},{"onset":8432,"offset":8703,"type":"T","label":""},{"onset":8820,"offset":8919,"type":"QRS","label":"O"},{"onset":8917,"offset":9188,"type":"T","label":""},{"onset":9270,"offset":9378,"type":"QRS","label":"O"},{"onset":9378,"offset":9649,"type":"T","label":""},{"onset":9873,"offset":9971,"type":"QRS","label":"O"},{"onset":9971,"offset":10242,"type":"T","label":""}]