[{"onset":115,"offset":245,"type":"P","label":"O"},{"onset":327,"offset":440,"type":"QRS","label":"O"},{"onset":440,"offset":739,"type":"T","label":""},{"onset":718,"offset":745,"type":"P","label":"O"},{"onset":857,"offset":952,"type":"QRS","label":"A"},{"onset":952,"offset":1220,"type":"T","label":""},{"onset":1274,"offset":1372,"type":"QRS","label":"A"},{"onset":1372,"offset":1610,"type":"T","label":""},{"onset":2078,"offset":2201,"type":"P","label":"O"},{"onset":2275,"offset":2386,"type":"QRS","label":"O"},{"onset":2386,"offset":2671,"type":"T","label":""},{"onset":2601,"offset":2655,"type":"P","label":"A"},{"onset":2769,"offset":2864,"type":"QRS","label":"A"},{"onset":2864,"offset":3125,"type":"T","label":""},{"onset":3952,"offset":4056,"type":"P","label":"O"},{"onset":4139,"offset":4249,"type":"QRS","label":"O"},{"onset":4249,"offset":4575,"type":"T","label":""},{"onset":4681,"offset":4850,"type":"QRS","label":"V"},{"onset":4850,"offset":5105,"type":"T","label":""},{"onset":5126,"offset":5264,"type":"QRS","label":"V"},{"onset":5264,"offset":5514,"type":"T","label":""},{"onset":5572,"offset":5668,"type":"QRS","label":"O"},{"onset":5668,"offset":5912,"type":"T","label":""},{"onset":5908,"offset":5937,"type":"P","label":"O"},{"onset":6051,"offset":6162,"type":"QRS","label":"O"},{"onset":6162,"offset":6436,"type":"T","label":""},{"onset":6410,"offset":6521,"type":"P","label":"O"},{"onset":6639,"offset":6738,"type":"QRS","label":"O"},{"onset":6738,"offset":7018,"type":"T","label":""},{"onset":7286,"offset":7382,"type":"QRS","label":"O"},{"onset":7382,"offset":7675,"type":"T","label":""},{"onset":7818,"offset":7926,"type":"QRS","label":"O"},{"onset":7926,"offset":8173,"type":"T","label":""},{"onset":8338,"offset":8431,"type":"QRS","label":"O"},{"onset":8431,"offset":8650,"type":"T","label":""},{"onset":8651,"offset":8751,"type":"P","label":"O"},{"onset":8820,"offset":8919,"type":"QRS","label":"O"},{"onset":8919,"offset":9168,"type":"T","label":""},{"onset":9270,"offset":9378,"type":"QRS","label":"O"},{"onset":9378,"offset":9633,"type":"T","label":""},{"onset":9734,"offset":9803,"type":"P","label":"O"},{"onset":9873,"offset":9971,"type":"QRS","label":"O"},{"onset":9971,"offset":10263,"type":"T","label":""}]