[{"onset":0,"offset":232,"type":"T","label":""},{"onset":911,"offset":1145,"type":"QRS","label":"V"},{"onset":1147,"offset":1480,"type":"T","label":""},{"onset":1880,"offset":2000,"type":"P","label":"N"},{"onset":2067,"offset":2181,"type":"QRS","label":"N"},{"onset":2181,"offset":2490,"type":"T","label":""},{"onset":2981,"offset":3087,"type":"P","label":"N"},{"onset":3158,"offset":3254,"type":"QRS","label":"N"},{"onset":3254,"offset":4026,"type":"T","label":""},{"onset":4146,"offset":4361,"type":"QRS","label":"V"},{"onset":4361,"offset":4628,"type":"T","label":""},{"onset":5075,"offset":5171,"type":"P","label":"N"},{"onset":5221,"offset":5317,"type":"QRS","label":"N"},{"onset":5317,"offset":5634,"type":"T","label":""},{"onset":6113,"offset":6225,"type":"P","label":"N"},{"onset":6309,"offset":6422,"type":"QRS","label":"N"},{"onset":6422,"offset":6734,"type":"T","label":""},{"onset":7194,"offset":7379,"type":"P","label":"N"},{"onset":7443,"offset":7537,"type":"QRS","label":"N"},{"onset":7537,"offset":7958,"type":"T","label":""},{"onset":8361,"offset":8484,"type":"P","label":"N"},{"onset":8545,"offset":8650,"type":"QRS","label":"N"},{"onset":8650,"offset":8954,"type":"T","label":""},{"onset":9428,"offset":9549,"type":"P","label":"N"},{"onset":9627,"offset":9720,"type":"QRS","label":"N"},{"onset":9720,"offset":10018,"type":"T","label":""}]