[{"onset":0,"offset":232,"type":"T","label":""},{"onset":771,"offset":878,"type":"P","label":"O"},{"onset":939,"offset":1058,"type":"QRS","label":"O"},{"onset":1058,"offset":1480,"type":"T","label":""},{"onset":1880,"offset":2000,"type":"P","label":"O"},{"onset":2067,"offset":2181,"type":"QRS","label":"O"},{"onset":2181,"offset":2490,"type":"T","label":""},{"onset":2981,"offset":3087,"type":"P","label":"O"},{"onset":3158,"offset":3254,"type":"QRS","label":"O"},{"onset":3254,"offset":3562,"type":"T","label":""},{"onset":4000,"offset":4174,"type":"P","label":"O"},{"onset":4201,"offset":4292,"type":"QRS","label":"O"},{"onset":4292,"offset":4628,"type":"T","label":""},{"onset":5075,"offset":5171,"type":"P","label":"O"},{"onset":5221,"offset":5317,"type":"QRS","label":"O"},{"onset":5317,"offset":5634,"type":"T","label":""},{"onset":6113,"offset":6225,"type":"P","label":"O"},{"onset":6309,"offset":6422,"type":"QRS","label":"O"},{"onset":6422,"offset":6734,"type":"T","label":""},{"onset":7194,"offset":7379,"type":"P","label":"O"},{"onset":7443,"offset":7537,"type":"QRS","label":"O"},{"onset":7537,"offset":7958,"type":"T","label":""},{"onset":8361,"offset":8484,"type":"P","label":"O"},{"onset":8545,"offset":8650,"type":"QRS","label":"O"},{"onset":8650,"offset":8954,"type":"T","label":""},{"onset":9428,"offset":9549,"type":"P","label":"O"},{"onset":9627,"offset":9720,"type":"QRS","label":"O"},{"onset":9720,"offset":10018,"type":"T","label":""}]