[{"onset":-95,"offset":234,"type":"T","label":""},{"onset":752,"offset":883,"type":"P","label":"N"},{"onset":939,"offset":1058,"type":"QRS","label":"N"},{"onset":1058,"offset":1387,"type":"T","label":""},{"onset":1867,"offset":2007,"type":"P","label":"N"},{"onset":2067,"offset":2181,"type":"QRS","label":"N"},{"onset":2181,"offset":2504,"type":"T","label":""},{"onset":2964,"offset":3099,"type":"P","label":"N"},{"onset":3158,"offset":3254,"type":"QRS","label":"N"},{"onset":3253,"offset":3580,"type":"T","label":""},{"onset":4011,"offset":4146,"type":"P","label":"N"},{"onset":4201,"offset":4292,"type":"QRS","label":"N"},{"onset":4290,"offset":4617,"type":"T","label":""},{"onset":5032,"offset":5167,"type":"P","label":"N"},{"onset":5221,"offset":5317,"type":"QRS","label":"N"},{"onset":5317,"offset":5639,"type":"T","label":""},{"onset":6116,"offset":6252,"type":"P","label":"N"},{"onset":6309,"offset":6422,"type":"QRS","label":"N"},{"onset":6422,"offset":6741,"type":"T","label":""},{"onset":7246,"offset":7384,"type":"P","label":"N"},{"onset":7443,"offset":7537,"type":"QRS","label":"N"},{"onset":7537,"offset":7862,"type":"T","label":""},{"onset":8348,"offset":8493,"type":"P","label":"N"},{"onset":8545,"offset":8650,"type":"QRS","label":"N"},{"onset":8650,"offset":8966,"type":"T","label":""},{"onset":9426,"offset":9574,"type":"P","label":"N"},{"onset":9627,"offset":9720,"type":"QRS","label":"N"},{"onset":9720,"offset":10027,"type":"T","label":""}]