[{"onset":113,"offset":252,"type":"P","label":"N"},{"onset":294,"offset":403,"type":"QRS","label":"N"},{"onset":403,"offset":719,"type":"T","label":""},{"onset":1228,"offset":1356,"type":"P","label":"N"},{"onset":1396,"offset":1507,"type":"QRS","label":"N"},{"onset":1507,"offset":1816,"type":"T","label":""},{"onset":2319,"offset":2442,"type":"P","label":"N"},{"onset":2479,"offset":2585,"type":"QRS","label":"N"},{"onset":2585,"offset":2898,"type":"T","label":""},{"onset":3126,"offset":3294,"type":"QRS","label":"V"},{"onset":3294,"offset":3591,"type":"T","label":""},{"onset":4541,"offset":4678,"type":"P","label":"N"},{"onset":4718,"offset":4820,"type":"QRS","label":"N"},{"onset":4820,"offset":5166,"type":"T","label":""},{"onset":5654,"offset":5782,"type":"P","label":"N"},{"onset":5829,"offset":5932,"type":"QRS","label":"N"},{"onset":5932,"offset":6249,"type":"T","label":""},{"onset":6711,"offset":6841,"type":"P","label":"N"},{"onset":6881,"offset":6989,"type":"QRS","label":"N"},{"onset":6989,"offset":7305,"type":"T","label":""},{"onset":7758,"offset":7887,"type":"P","label":"N"},{"onset":7933,"offset":8039,"type":"QRS","label":"N"},{"onset":8039,"offset":8344,"type":"T","label":""},{"onset":8829,"offset":8967,"type":"P","label":"N"},{"onset":9012,"offset":9123,"type":"QRS","label":"N"},{"onset":9123,"offset":9435,"type":"T","label":""},{"onset":9976,"offset":10107,"type":"P","label":"N"}]