[{"onset":197,"offset":249,"type":"P","label":"O"},{"onset":294,"offset":384,"type":"QRS","label":"O"},{"onset":383,"offset":670,"type":"T","label":""},{"onset":1302,"offset":1353,"type":"P","label":"O"},{"onset":1396,"offset":1485,"type":"QRS","label":"O"},{"onset":1484,"offset":1769,"type":"T","label":""},{"onset":2381,"offset":2432,"type":"P","label":"O"},{"onset":2481,"offset":2570,"type":"QRS","label":"O"},{"onset":2570,"offset":2855,"type":"T","label":""},{"onset":4609,"offset":4660,"type":"P","label":"O"},{"onset":4716,"offset":4805,"type":"QRS","label":"O"},{"onset":4806,"offset":5114,"type":"T","label":""},{"onset":5718,"offset":5769,"type":"P","label":"O"},{"onset":5832,"offset":5921,"type":"QRS","label":"O"},{"onset":5920,"offset":6211,"type":"T","label":""},{"onset":6779,"offset":6830,"type":"P","label":"O"},{"onset":6886,"offset":6975,"type":"QRS","label":"O"},{"onset":6973,"offset":7264,"type":"T","label":""},{"onset":7831,"offset":7882,"type":"P","label":"O"},{"onset":7934,"offset":8023,"type":"QRS","label":"O"},{"onset":8024,"offset":8315,"type":"T","label":""},{"onset":8908,"offset":8959,"type":"P","label":"O"},{"onset":9016,"offset":9105,"type":"QRS","label":"O"},{"onset":9104,"offset":9395,"type":"T","label":""}]