[{"onset":152,"offset":245,"type":"P","label":"O"},{"onset":294,"offset":403,"type":"QRS","label":"O"},{"onset":403,"offset":696,"type":"T","label":""},{"onset":1241,"offset":1351,"type":"P","label":"N"},{"onset":1396,"offset":1507,"type":"QRS","label":"O"},{"onset":1507,"offset":1793,"type":"T","label":""},{"onset":2323,"offset":2433,"type":"P","label":"N"},{"onset":2479,"offset":2585,"type":"QRS","label":"O"},{"onset":2585,"offset":2880,"type":"T","label":""},{"onset":3123,"offset":3294,"type":"QRS","label":"V"},{"onset":3294,"offset":3570,"type":"T","label":""},{"onset":4571,"offset":4666,"type":"P","label":"N"},{"onset":4718,"offset":4820,"type":"QRS","label":"O"},{"onset":4820,"offset":5148,"type":"T","label":""},{"onset":5678,"offset":5772,"type":"P","label":"N"},{"onset":5829,"offset":5932,"type":"QRS","label":"O"},{"onset":5932,"offset":6231,"type":"T","label":""},{"onset":6724,"offset":6834,"type":"P","label":"N"},{"onset":6881,"offset":6989,"type":"QRS","label":"O"},{"onset":6989,"offset":7282,"type":"T","label":""},{"onset":7782,"offset":7882,"type":"P","label":"N"},{"onset":7933,"offset":8039,"type":"QRS","label":"O"},{"onset":8039,"offset":8321,"type":"T","label":""},{"onset":8870,"offset":8962,"type":"P","label":"N"},{"onset":9012,"offset":9123,"type":"QRS","label":"O"},{"onset":9123,"offset":9421,"type":"T","label":""},{"onset":9998,"offset":10093,"type":"P","label":"N"}]