[{"onset":26,"offset":138,"type":"P","label":"O"},{"onset":202,"offset":298,"type":"QRS","label":"O"},{"onset":298,"offset":593,"type":"T","label":""},{"onset":1110,"offset":1214,"type":"P","label":"O"},{"onset":1292,"offset":1401,"type":"QRS","label":"O"},{"onset":1401,"offset":1703,"type":"T","label":""},{"onset":2259,"offset":2377,"type":"P","label":"O"},{"onset":2435,"offset":2536,"type":"QRS","label":"O"},{"onset":2536,"offset":2863,"type":"T","label":""},{"onset":3422,"offset":3532,"type":"P","label":"O"},{"onset":3600,"offset":3702,"type":"QRS","label":"O"},{"onset":3702,"offset":4009,"type":"T","label":""},{"onset":4532,"offset":4638,"type":"P","label":"O"},{"onset":4707,"offset":4799,"type":"QRS","label":"O"},{"onset":4799,"offset":5091,"type":"T","label":""},{"onset":5594,"offset":5708,"type":"P","label":"O"},{"onset":5764,"offset":5859,"type":"QRS","label":"O"},{"onset":5859,"offset":6162,"type":"T","label":""},{"onset":6691,"offset":6801,"type":"P","label":"O"},{"onset":6869,"offset":6974,"type":"QRS","label":"O"},{"onset":6974,"offset":7274,"type":"T","label":""},{"onset":7836,"offset":7939,"type":"P","label":"O"},{"onset":8013,"offset":8112,"type":"QRS","label":"O"},{"onset":8112,"offset":8431,"type":"T","label":""},{"onset":8974,"offset":9096,"type":"P","label":"O"},{"onset":9156,"offset":9258,"type":"QRS","label":"O"},{"onset":9258,"offset":9570,"type":"T","label":""}]