[{"onset":3,"offset":144,"type":"P","label":"N"},{"onset":202,"offset":298,"type":"QRS","label":"N"},{"onset":298,"offset":603,"type":"T","label":""},{"onset":1095,"offset":1237,"type":"P","label":"N"},{"onset":1295,"offset":1393,"type":"QRS","label":"N"},{"onset":1394,"offset":1699,"type":"T","label":""},{"onset":2242,"offset":2386,"type":"P","label":"N"},{"onset":2435,"offset":2536,"type":"QRS","label":"N"},{"onset":2536,"offset":2879,"type":"T","label":""},{"onset":3401,"offset":3546,"type":"P","label":"N"},{"onset":3600,"offset":3702,"type":"QRS","label":"N"},{"onset":3703,"offset":4020,"type":"T","label":""},{"onset":4501,"offset":4654,"type":"P","label":"N"},{"onset":4707,"offset":4799,"type":"QRS","label":"N"},{"onset":4799,"offset":5111,"type":"T","label":""},{"onset":5570,"offset":5724,"type":"P","label":"N"},{"onset":5764,"offset":5859,"type":"QRS","label":"N"},{"onset":5859,"offset":6171,"type":"T","label":""},{"onset":6665,"offset":6828,"type":"P","label":"N"},{"onset":6869,"offset":6974,"type":"QRS","label":"N"},{"onset":6974,"offset":7284,"type":"T","label":""},{"onset":7806,"offset":7953,"type":"P","label":"N"},{"onset":8013,"offset":8112,"type":"QRS","label":"N"},{"onset":8112,"offset":8445,"type":"T","label":""},{"onset":8948,"offset":9106,"type":"P","label":"N"},{"onset":9156,"offset":9258,"type":"QRS","label":"N"},{"onset":9258,"offset":9597,"type":"T","label":""}]